<?xml version="1.0" encoding="utf-8"?>
<extension version="3.0" client="site" type="language" method="upgrade">
    <name>Português(Brasil)</name>
    <tag>pt-BR</tag>
    <version>3.0.3.1</version>
    <creationDate>2013-01-29</creationDate>
    <author>Joomla Brasil</author>
    <authorEmail>traducao@joomla.com.br</authorEmail>
	<authorUrl>www.joomla.com.br</authorUrl>
    <copyright>Copyright 2005 - 2013 Open Source Matters. Todos os Direitos Reservados. Copyright Translation 2005 - 2013 Joomla Brasil. Todos os Direitos Reservados.</copyright>
    <license>GNU General Public License version 2 or later; see LICENSE.txt</license>
	<description><![CDATA[
				Arquivos de Idioma em Português Brasileiro para o CMS Joomla! 3.0<br/>
				Copyright 2005 - 2013 Open Source Matters. Todos os Direitos Reservados. Copyright Translation 2005 - 2013 Joomla Brasil. Todos os Direitos Reservados.<br/>
				De acordo com termo de licenciamento de <a href="http://www.opensourcematters.org" target="_blank">OpenSourceMatters</a> e <a href="http://www.joomla.org" target="_blank">Joomla!</a> todos os arquivos de idioma devem ser licenciados sob a <a href="http://www.gnu.org/licenses/gpl-2.0.html" target="_blank"> licença GNU/GPL (v.2.0)</a>. Esta tradução está licenciada sob esta licença. Se você encontrar algum erro de digitação, traduções incorretas ou se deseja sugerir melhorias, entre em contato com o <a href="mailto:traducao@joomla.com.br">coordenador</a> da tradução.
				]]>
	</description>
	
	<files>
		<filename>index.html</filename>
		<filename>pt-BR.com_contact.ini</filename>
		<filename>pt-BR.com_content.ini</filename>
		<filename>pt-BR.com_finder.ini</filename>
		<filename>pt-BR.com_mailto.ini</filename>
		<filename>pt-BR.com_media.ini</filename>
		<filename>pt-BR.com_messages.ini</filename>
		<filename>pt-BR.com_newsfeeds.ini</filename>
		<filename>pt-BR.com_search.ini</filename>
		<filename>pt-BR.com_users.ini</filename>
		<filename>pt-BR.com_weblinks.ini</filename>
		<filename>pt-BR.com_wrapper.ini</filename>
		<filename>pt-BR.files_joomla.sys.ini</filename>
		<filename>pt-BR.finder_cli.ini</filename>
		<filename>pt-BR.ini</filename>
		<filename>pt-BR.lib_joomla.ini</filename>
		<filename>pt-BR.lib_joomla.sys.ini</filename>
		<filename>pt-BR.lib_phpmailer.sys.ini</filename>
		<filename>pt-BR.lib_phputf8.sys.ini</filename>
		<filename>pt-BR.lib_simplepie.sys.ini</filename>
		<filename>pt-BR.localise.php</filename>
		<filename>pt-BR.mod_articles_archive.ini</filename>
		<filename>pt-BR.mod_articles_archive.sys.ini</filename>
		<filename>pt-BR.mod_articles_categories.ini</filename>
		<filename>pt-BR.mod_articles_categories.sys.ini</filename>
		<filename>pt-BR.mod_articles_category.ini</filename>
		<filename>pt-BR.mod_articles_category.sys.ini</filename>
		<filename>pt-BR.mod_articles_latest.ini</filename>
		<filename>pt-BR.mod_articles_latest.sys.ini</filename>
		<filename>pt-BR.mod_articles_news.ini</filename>
		<filename>pt-BR.mod_articles_news.sys.ini</filename>
		<filename>pt-BR.mod_articles_popular.ini</filename>
		<filename>pt-BR.mod_articles_popular.sys.ini</filename>
		<filename>pt-BR.mod_banners.ini</filename>
		<filename>pt-BR.mod_banners.sys.ini</filename>
		<filename>pt-BR.mod_breadcrumbs.ini</filename>
		<filename>pt-BR.mod_breadcrumbs.sys.ini</filename>
		<filename>pt-BR.mod_custom.ini</filename>
		<filename>pt-BR.mod_custom.sys.ini</filename>
		<filename>pt-BR.mod_feed.ini</filename>
		<filename>pt-BR.mod_feed.sys.ini</filename>
		<filename>pt-BR.mod_finder.ini</filename>
		<filename>pt-BR.mod_finder.sys.ini</filename>
		<filename>pt-BR.mod_footer.ini</filename>
		<filename>pt-BR.mod_footer.sys.ini</filename>
		<filename>pt-BR.mod_languages.ini</filename>
		<filename>pt-BR.mod_languages.sys.ini</filename>
		<filename>pt-BR.mod_login.ini</filename>
		<filename>pt-BR.mod_login.sys.ini</filename>
		<filename>pt-BR.mod_menu.ini</filename>
		<filename>pt-BR.mod_menu.sys.ini</filename>
		<filename>pt-BR.mod_random_image.ini</filename>
		<filename>pt-BR.mod_random_image.sys.ini</filename>
		<filename>pt-BR.mod_related_items.ini</filename>
		<filename>pt-BR.mod_related_items.sys.ini</filename>
		<filename>pt-BR.mod_search.ini</filename>
		<filename>pt-BR.mod_search.sys.ini</filename>
		<filename>pt-BR.mod_stats.ini</filename>
		<filename>pt-BR.mod_stats.sys.ini</filename>
		<filename>pt-BR.mod_syndicate.ini</filename>
		<filename>pt-BR.mod_syndicate.sys.ini</filename>
		<filename>pt-BR.mod_users_latest.ini</filename>
		<filename>pt-BR.mod_users_latest.sys.ini</filename>
		<filename>pt-BR.mod_weblinks.ini</filename>
		<filename>pt-BR.mod_weblinks.sys.ini</filename>
		<filename>pt-BR.mod_whosonline.ini</filename>
		<filename>pt-BR.mod_whosonline.sys.ini</filename>
		<filename>pt-BR.mod_wrapper.ini</filename>
		<filename>pt-BR.mod_wrapper.sys.ini</filename>
		<filename>pt-BR.tpl_beez3.ini</filename>
		<filename>pt-BR.tpl_beez3.sys.ini</filename>
		<filename>pt-BR.tpl_protostar.ini</filename>
		<filename>pt-BR.tpl_protostar.sys.ini</filename>
		
		<filename file="meta">pt-BR.xml</filename>
		<filename file="meta">install.xml</filename>
        <filename>pt-BR.localise.php</filename>
		
	</files>

</extension>
