<?xml version="1.0" encoding="utf-8"?>
<extension type="file" version="3.0" method="upgrade">
	<name>TinyMCE Idioma Português (Brasil)</name>
	<author>Ponto Mega</author>
	<version>3.5.1</version>
	<creationDate>03 Set 2012</creationDate>
	<copyright>(C) 2005-2013 Brazilian Translation Team</copyright>
	<license>http://www.gnu.org/licenses/gpl-2.0.html GNU/GPL</license>
	<authorEmail>traducao@pontomega.com.br</authorEmail>
	<description><![CDATA[		
		<h3><strong>Instalação do pacote de idioma Português (Brasil) para o editor TinyMCE 3.5.1 foi concluído com sucesso.</strong></h3><br/>
		Não se esqueça de selecionar o idioma para PT <a href="index.php?option=com_plugins&view=plugins&filter_search=TinyMCE"><strong>Gerenciamento de plug-in TinyMCE</strong></a><br />
		Se você usar a detecção automática, certifique-se de que estão instalados os pacotes de idiomas diferentes para TinyMCE correspondentes aos instalado para o Joomla !</div>	<br/><br/>	
		]]>
	</description>

	<!-- Fileset definition -->
	<fileset>
		<files target="media/editors">
					<filename>tinymce/jscripts/tiny_mce/langs/pt.js</filename>
					<filename>tinymce/jscripts/tiny_mce/plugins/advhr/langs/pt_dlg.js</filename>
					<filename>tinymce/jscripts/tiny_mce/plugins/advimage/langs/pt_dlg.js</filename>
					<filename>tinymce/jscripts/tiny_mce/plugins/advlink/langs/pt_dlg.js</filename>
					<filename>tinymce/jscripts/tiny_mce/plugins/autosave/langs/pt.js</filename>
					<filename>tinymce/jscripts/tiny_mce/plugins/emotions/langs/pt_dlg.js</filename>
					<filename>tinymce/jscripts/tiny_mce/plugins/fullpage/langs/pt_dlg.js</filename>
					<filename>tinymce/jscripts/tiny_mce/plugins/media/langs/pt_dlg.js</filename>
					<filename>tinymce/jscripts/tiny_mce/plugins/paste/langs/pt_dlg.js</filename>
					<filename>tinymce/jscripts/tiny_mce/plugins/searchreplace/langs/pt_dlg.js</filename>
					<filename>tinymce/jscripts/tiny_mce/plugins/style/langs/pt_dlg.js</filename>
					<filename>tinymce/jscripts/tiny_mce/plugins/table/langs/pt_dlg.js</filename>
					<filename>tinymce/jscripts/tiny_mce/plugins/template/langs/pt_dlg.js</filename>
					<filename>tinymce/jscripts/tiny_mce/plugins/xhtmlxtras/langs/pt_dlg.js</filename>
					<filename>tinymce/jscripts/tiny_mce/themes/advanced/langs/pt.js</filename>
					<filename>tinymce/jscripts/tiny_mce/themes/advanced/langs/pt_dlg.js</filename>
					<filename>tinymce/jscripts/tiny_mce/themes/simple/langs/pt.js</filename>
		</files>
	</fileset>
</extension>
